{"cameraMode":{"drawMode":0,"name":"Shaded","section":"Shading Mode"},"sceneLighting":true,"audioPlay":false,"sceneViewState":{"showFog":true,"showMaterialUpdate":true,"showSkybox":false,"showFlares":true,"showImageEffects":true,"showParticleSystems":true},"in2DMode":false,"pivot":{"x":28.516111373901368,"y":-24.342607498168947,"z":-60.4074592590332},"rotation":{"x":0.005943517666310072,"y":0.9523569345474243,"z":-0.3043600916862488,"w":0.018595419824123384},"size":95.70337677001953,"orthographic":false}