{"cameraMode":{"drawMode":0,"name":"Shaded","section":"Shading Mode"},"sceneLighting":false,"audioPlay":false,"sceneViewState":{"showFog":true,"showMaterialUpdate":true,"showSkybox":false,"showFlares":true,"showImageEffects":true,"showParticleSystems":true},"in2DMode":false,"pivot":{"x":122.4786376953125,"y":11.2838134765625,"z":41.044837951660159},"rotation":{"x":-0.2780017554759979,"y":0.7220016717910767,"z":-0.4476707875728607,"w":-0.4483521282672882},"size":5.340673923492432,"orthographic":false}