{"cameraMode":{"drawMode":0,"name":"Shaded","section":"Shading Mode"},"sceneLighting":false,"audioPlay":false,"sceneViewState":{"showFog":true,"showMaterialUpdate":true,"showSkybox":false,"showFlares":true,"showImageEffects":true,"showParticleSystems":true},"in2DMode":false,"pivot":{"x":96.95408630371094,"y":8.584059715270996,"z":25.142818450927736},"rotation":{"x":-0.1558275818824768,"y":0.6959659457206726,"z":-0.15884903073310853,"w":-0.682727038860321},"size":5.2017412185668949,"orthographic":false}