{"cameraMode":{"drawMode":0,"name":"Shaded","section":"Shading Mode"},"sceneLighting":false,"audioPlay":false,"sceneViewState":{"showFog":true,"showMaterialUpdate":true,"showSkybox":true,"showFlares":true,"showImageEffects":true,"showParticleSystems":true},"in2DMode":false,"pivot":{"x":1712.2884521484375,"y":-233.8232421875,"z":-225.87899780273438},"rotation":{"x":-0.047863684594631198,"y":-0.7677861452102661,"z":0.057757336646318439,"w":-0.6363000273704529},"size":1692.3172607421875,"orthographic":false}