{"cameraMode":{"drawMode":0,"name":"Shaded","section":"Shading Mode"},"sceneLighting":false,"audioPlay":false,"sceneViewState":{"showFog":true,"showMaterialUpdate":true,"showSkybox":false,"showFlares":true,"showImageEffects":true,"showParticleSystems":true},"in2DMode":false,"pivot":{"x":11.09562873840332,"y":-3.890605926513672,"z":250.6935272216797},"rotation":{"x":0.22421133518218995,"y":0.22530478239059449,"z":-0.05336720123887062,"w":0.9466356635093689},"size":82.17976379394531,"orthographic":false}