{"cameraMode":{"drawMode":0,"name":"Shaded","section":"Shading Mode"},"sceneLighting":false,"audioPlay":false,"sceneViewState":{"showFog":true,"showMaterialUpdate":false,"showSkybox":false,"showFlares":true,"showImageEffects":true,"showParticleSystems":true},"in2DMode":false,"pivot":{"x":99.50753784179688,"y":18.561376571655275,"z":45.576637268066409},"rotation":{"x":-0.07481096684932709,"y":0.04996531084179878,"z":-0.004275762941688299,"w":-0.9959380626678467},"size":3.1344335079193117,"orthographic":false}