{"cameraMode":{"drawMode":0,"name":"Shaded","section":"Shading Mode"},"sceneLighting":false,"audioPlay":false,"sceneViewState":{"showFog":true,"showMaterialUpdate":false,"showSkybox":false,"showFlares":true,"showImageEffects":true,"showParticleSystems":true},"in2DMode":false,"pivot":{"x":103.27628326416016,"y":22.53579330444336,"z":34.77174758911133},"rotation":{"x":0.17202623188495637,"y":0.04139160364866257,"z":-0.004937965888530016,"w":0.9849650263786316},"size":1.3251240253448487,"orthographic":false}