{"cameraMode":{"drawMode":0,"name":"Shaded","section":"Shading Mode"},"sceneLighting":false,"audioPlay":false,"sceneViewState":{"showFog":true,"showMaterialUpdate":false,"showSkybox":false,"showFlares":true,"showImageEffects":true,"showParticleSystems":true},"in2DMode":false,"pivot":{"x":100.11778259277344,"y":18.532451629638673,"z":27.17121124267578},"rotation":{"x":0.20344752073287965,"y":-0.7137810587882996,"z":0.23176637291908265,"w":0.6288279891014099},"size":12.403645515441895,"orthographic":false}