{"cameraMode":{"drawMode":0,"name":"Shaded","section":"Shading Mode"},"sceneLighting":false,"audioPlay":false,"sceneViewState":{"showFog":true,"showMaterialUpdate":false,"showSkybox":false,"showFlares":true,"showImageEffects":true,"showParticleSystems":true},"in2DMode":false,"pivot":{"x":100.00860595703125,"y":18.10936164855957,"z":45.0},"rotation":{"x":-0.22211317718029023,"y":-0.6777321696281433,"z":0.22609198093414308,"w":-0.6635010242462158},"size":1.7818796634674073,"orthographic":false}