{"cameraMode":{"drawMode":0,"name":"Shaded","section":"Shading Mode"},"sceneLighting":true,"audioPlay":false,"sceneViewState":{"showFog":true,"showMaterialUpdate":false,"showSkybox":true,"showFlares":true,"showImageEffects":true,"showParticleSystems":true},"in2DMode":false,"pivot":{"x":58.4995002746582,"y":-262.42413330078127,"z":-88.39106750488281},"rotation":{"x":0.06531624495983124,"y":-0.8556627631187439,"z":0.5011364817619324,"w":0.11152254045009613},"size":453.553466796875,"orthographic":false}