{"cameraMode":{"drawMode":0,"name":"Shaded","section":"Shading Mode"},"sceneLighting":false,"audioPlay":false,"sceneViewState":{"showFog":true,"showMaterialUpdate":false,"showSkybox":false,"showFlares":true,"showImageEffects":true,"showParticleSystems":true},"in2DMode":false,"pivot":{"x":-10.413237571716309,"y":-6.190131664276123,"z":-5.6601362228393559},"rotation":{"x":0.1099763736128807,"y":-0.8879374265670776,"z":0.28658920526504519,"w":0.34256789088249209},"size":11.3124361038208,"orthographic":false}