{"cameraMode":{"drawMode":0,"name":"Shaded","section":"Shading Mode"},"sceneLighting":true,"audioPlay":false,"sceneViewState":{"showFog":true,"showMaterialUpdate":false,"showSkybox":true,"showFlares":true,"showImageEffects":true,"showParticleSystems":true},"in2DMode":false,"pivot":{"x":53.904632568359378,"y":74.52562713623047,"z":543.0630493164063},"rotation":{"x":-0.06094738841056824,"y":-0.9405351281166077,"z":0.24526743590831757,"w":-0.23005038499832154},"size":3.84407901763916,"orthographic":false}