{"cameraMode":{"drawMode":0,"name":"Shaded","section":"Shading Mode"},"sceneLighting":false,"audioPlay":false,"sceneViewState":{"showFog":true,"showMaterialUpdate":false,"showSkybox":false,"showFlares":true,"showImageEffects":true,"showParticleSystems":true},"in2DMode":false,"pivot":{"x":100.04863739013672,"y":11.2838134765625,"z":24.914836883544923},"rotation":{"x":0.08694702386856079,"y":0.8049953579902649,"z":-0.12192361056804657,"w":0.574070930480957},"size":5.340668678283691,"orthographic":false}